Event Name,Event Link,Event Status,Prize Pool,Dates,Region
Champions Tour 2023: Americas League,https://www.vlr.gg/event/1189/champions-tour-2023-americas-league,ongoing,"TBD								
									Prize Pool","Apr 1—May 28								
									Dates",us
Champions Tour 2023: EMEA League,https://www.vlr.gg/event/1190/champions-tour-2023-emea-league,ongoing,"TBD								
									Prize Pool","Mar 27—May 28								
									Dates",de
Champions Tour 2023: Pacific League,https://www.vlr.gg/event/1191/champions-tour-2023-pacific-league,ongoing,"$250,000								
									Prize Pool","Mar 25—May 28								
									Dates",kr
Challengers League: North America,https://www.vlr.gg/event/1458/challengers-league-north-america,ongoing,"$80,000								
									Prize Pool","Feb 1—Jun 10								
									Dates",us
Challengers League Brazil: Split 2,https://www.vlr.gg/event/1575/challengers-league-brazil-split-2,ongoing,"$82,339								
									Prize Pool","Apr 5—Jun 15								
									Dates",br
Game Changers 2023 Series I: EMEA,https://www.vlr.gg/event/1574/game-changers-2023-series-i-emea,ongoing,"$32,898								
									Prize Pool","Apr 5—May 21								
									Dates",eu
Challengers League Japan: Split 2,https://www.vlr.gg/event/1531/challengers-league-japan-split-2,ongoing,"$37,515								
									Prize Pool","Mar 21—Jun 4								
									Dates",jp
Challengers League MENA Resilience: Split 2,https://www.vlr.gg/event/1563/challengers-league-mena-resilience-split-2,ongoing,"$35,000								
									Prize Pool","Apr 1—May 17								
									Dates",un
Challengers League France Revolution: Split 2,https://www.vlr.gg/event/1577/challengers-league-france-revolution-split-2,ongoing,"$24,535								
									Prize Pool","Apr 8—Jun 10								
									Dates",fr
VALORANT Rise: Latin America North,https://www.vlr.gg/event/1627/valorant-rise-latin-america-north,ongoing,"$0								
									Prize Pool","Apr 23—Jun 4								
									Dates",un
Challengers League DACH Evolution: Split 2,https://www.vlr.gg/event/1552/challengers-league-dach-evolution-split-2,ongoing,"$27,143								
									Prize Pool","Apr 1—Jun 11								
									Dates",de
VALORANT MENA Al Majd,https://www.vlr.gg/event/1632/valorant-mena-al-majd,ongoing,"$4,000								
									Prize Pool","May 4—17								
									Dates",un
Challengers League Portugal Tempest: Split 2,https://www.vlr.gg/event/1551/challengers-league-portugal-tempest-split-2,ongoing,"TBD								
									Prize Pool","Apr 1—May 21								
									Dates",pt
Circuito Tormenta: Liga Radiante 23 S2,https://www.vlr.gg/event/1625/circuito-tormenta-liga-radiante-23-s2,ongoing,"$0								
									Prize Pool","May 3—28								
									Dates",es
FGC VALORANT Invitational 2023: Act 2,https://www.vlr.gg/event/1610/fgc-valorant-invitational-2023-act-2,ongoing,"TBD								
									Prize Pool","May 3—21								
									Dates",cn
Challengers League Northern Europe Polaris: Split 2,https://www.vlr.gg/event/1553/challengers-league-northern-europe-polaris-split-2,ongoing,"$21,715								
									Prize Pool","Apr 3—Jun 5								
									Dates",eu
Norwegian Valorant League,https://www.vlr.gg/event/1621/norwegian-valorant-league,ongoing,"$1,850								
									Prize Pool","May 2—Jun 11								
									Dates",no
Challengers League Italy Rinascimento: Split 2,https://www.vlr.gg/event/1549/challengers-league-italy-rinascimento-split-2,ongoing,"TBD								
									Prize Pool","Apr 1—May 21								
									Dates",it
Challengers League Turkey Birlik: Split 2,https://www.vlr.gg/event/1555/challengers-league-turkey-birlik-split-2,ongoing,"TBD								
									Prize Pool","Apr 1—Jun 25								
									Dates",tr
Challengers League Spain Rising: Split 2,https://www.vlr.gg/event/1568/challengers-league-spain-rising-split-2,ongoing,"TBD								
									Prize Pool","Apr 3—10								
									Dates",es
Challengers League Vietnam: Split 2,https://www.vlr.gg/event/1569/challengers-league-vietnam-split-2,ongoing,"$36,619								
									Prize Pool","Apr 4—Jun 4								
									Dates",vn
Challengers League South Asia: Split 2,https://www.vlr.gg/event/1609/challengers-league-south-asia-split-2,ongoing,"$100,000								
									Prize Pool","Apr 29—May 21								
									Dates",in
Challengers League LATAM South FiRe: Split 2,https://www.vlr.gg/event/1604/challengers-league-latam-south-fire-split-2,ongoing,"$38,000								
									Prize Pool","Apr 27—Jun 12								
									Dates",un
Challengers League LATAM North ACE: Split 2,https://www.vlr.gg/event/1603/challengers-league-latam-north-ace-split-2,ongoing,"$38,000								
									Prize Pool","Apr 26—Jun 11								
									Dates",un
Challengers League East Surge: Split 2,https://www.vlr.gg/event/1557/challengers-league-east-surge-split-2,ongoing,"$21,715								
									Prize Pool","Apr 1—Jun 11								
									Dates",eu
College VALORANT Championship,https://www.vlr.gg/event/1397/college-valorant-championship,ongoing,"$95,000								
									Prize Pool","May 6—Jun 6								
									Dates",us
Challengers League Malaysia/Singapore: Split 2,https://www.vlr.gg/event/1507/challengers-league-malaysia-singapore-split-2,ongoing,"TBD								
									Prize Pool","Mar 1—Jun 3								
									Dates",sg
VALORANT Rise: Latin America South,https://www.vlr.gg/event/1626/valorant-rise-latin-america-south,ongoing,"$0								
									Prize Pool","Apr 23—Jun 4								
									Dates",un
Challengers League Philippines: Split 2,https://www.vlr.gg/event/1505/challengers-league-philippines-split-2,ongoing,"$27,290								
									Prize Pool","Mar 19—Jun 4								
									Dates",ph
Challengers League Taiwan/Hong Kong: Split 2,https://www.vlr.gg/event/1543/challengers-league-taiwan-hong-kong-split-2,ongoing,"TBD								
									Prize Pool","Mar 19—Jun 4								
									Dates",tw
World Cyber Games Challengers League Korea: Split 2,https://www.vlr.gg/event/1519/world-cyber-games-challengers-league-korea-split-2,ongoing,"$56,791								
									Prize Pool","Mar 18—Jun 3								
									Dates",kr
Project V: A1 eSports Valorant Cup #3,https://www.vlr.gg/event/1535/project-v-a1-esports-valorant-cup-3,ongoing,"$5,291								
									Prize Pool","Mar 17—May 27								
									Dates",at
Challengers League Indonesia: Split 2,https://www.vlr.gg/event/1518/challengers-league-indonesia-split-2,ongoing,"$25,000								
									Prize Pool","Mar 14—Jun 4								
									Dates",id
Challengers League Thailand: Split 2,https://www.vlr.gg/event/1522/challengers-league-thailand-split-2,ongoing,"TBD								
									Prize Pool","Mar 10—May 21								
									Dates",th
Game Changers 2023 Latin America: Split 1,https://www.vlr.gg/event/1498/game-changers-2023-latin-america-split-1,ongoing,"TBD								
									Prize Pool","Mar 5—Apr 13								
									Dates",un
Challengers League Oceania: Split 2,https://www.vlr.gg/event/1506/challengers-league-oceania-split-2,ongoing,"$33,840								
									Prize Pool","Mar 1—Jun 10								
									Dates",au
Coupe Québécoise de Valorant,https://www.vlr.gg/event/1492/coupe-qu-b-coise-de-valorant,ongoing,"$1,120								
									Prize Pool","Feb 27—May 20								
									Dates",ca
Spring Gauntlet 2023 Invitational,https://www.vlr.gg/event/1645/spring-gauntlet-2023-invitational,ongoing,"$0								
									Prize Pool","May 14—21								
									Dates",cn
Minerva Series 1 - Finals,https://www.vlr.gg/event/1647/minerva-series-1-finals,ongoing,"$0								
									Prize Pool","May 17								
									Dates",it
Game Changers EMEA Contenders Series 1,https://www.vlr.gg/event/1644/game-changers-emea-contenders-series-1,upcoming,"$10,940								
									Prize Pool","May 24—29								
									Dates",eu
Amazon University Esports Masters 2023,https://www.vlr.gg/event/1520/amazon-university-esports-masters-2023,upcoming,"$7,376								
									Prize Pool","May 27—Jul 1								
									Dates",eu
Game Changers 2023 Asia Pacific: Open 2,https://www.vlr.gg/event/1487/game-changers-2023-asia-pacific-open-2,upcoming,"$10,000								
									Prize Pool","May 31—Jun 11								
									Dates",un
Champions Tour 2023: Masters Tokyo,https://www.vlr.gg/event/1494/champions-tour-2023-masters-tokyo,upcoming,"TBD								
									Prize Pool","Jun 11—25								
									Dates",jp
Champions Tour 2023 EMEA: Ascension,https://www.vlr.gg/event/1590/champions-tour-2023-emea-ascension,upcoming,"TBD								
									Prize Pool","Jun 22—Jul 16								
									Dates",de
Champions Tour 2023 Pacific: Ascension,https://www.vlr.gg/event/1652/champions-tour-2023-pacific-ascension,upcoming,"TBD								
									Prize Pool","Jun 28—Jul 9								
									Dates",th
Champions Tour 2023 Americas: Ascension,https://www.vlr.gg/event/1653/champions-tour-2023-americas-ascension,upcoming,"TBD								
									Prize Pool","Jun 30—Jul 11								
									Dates",br
Game Changers 2023 Asia Pacific: Open 3,https://www.vlr.gg/event/1488/game-changers-2023-asia-pacific-open-3,upcoming,"$10,000								
									Prize Pool","Jul 19—30								
									Dates",un
Nerd Street VALORANT Lockdown 2 - Resurrection Qualifier,https://www.vlr.gg/event/1654/nerd-street-valorant-lockdown-2-resurrection-qualifier,upcoming,"$0								
									Prize Pool","Jul 26—28								
									Dates",us
Game Changers 2023 Asia Pacific: Last Chance Qualifier,https://www.vlr.gg/event/1489/game-changers-2023-asia-pacific-last-chance-qualifier,upcoming,"$10,000								
									Prize Pool","Aug 23—Sep 3								
									Dates",un
Nerd Street VALORANT Lockdown 2 - Open 5,https://www.vlr.gg/event/1649/nerd-street-valorant-lockdown-2-open-5,completed,"$2,000								
									Prize Pool","May 14—16								
									Dates",us
CCE UCX EU 1K #5,https://www.vlr.gg/event/1650/cce-ucx-eu-1k-5,completed,"$1,000								
									Prize Pool","May 14—15								
									Dates",eu
VALORANT @ LAN ETS 2023,https://www.vlr.gg/event/1646/valorant-lan-ets-2023,completed,"$4,425								
									Prize Pool","May 13—14								
									Dates",ca
"NUEL England, Wales and Ireland Minor - BEACON Split 1",https://www.vlr.gg/event/1648/nuel-england-wales-and-ireland-minor-beacon-split-1,completed,"$622								
									Prize Pool","May 13—14								
									Dates",eu
Project V: Project Queens - Split 1 Finals,https://www.vlr.gg/event/1643/project-v-project-queens-split-1-finals,completed,"$4,376								
									Prize Pool","May 14								
									Dates",de
Our Party,https://www.vlr.gg/event/1633/our-party,completed,"$0								
									Prize Pool","May 11—14								
									Dates",es
Project V 2023: Split 1 Finals,https://www.vlr.gg/event/1642/project-v-2023-split-1-finals,completed,"$10,940								
									Prize Pool","May 13								
									Dates",de
Liga Gamers Club - Série A: 2023,https://www.vlr.gg/event/1473/liga-gamers-club-s-rie-a-2023,completed,"$15,529								
									Prize Pool","Feb 3—May 12								
									Dates",br
Nerd Street VALORANT Lockdown 2 - Open 4,https://www.vlr.gg/event/1631/nerd-street-valorant-lockdown-2-open-4,completed,"$2,000								
									Prize Pool","May 8—10								
									Dates",us
VALORANT East: United: Season 2: Stage 2 - Weekly Cup #5,https://www.vlr.gg/event/1635/valorant-east-united-season-2-stage-2-weekly-cup-5,completed,"$780								
									Prize Pool","May 9—10								
									Dates",eu
32nd Southeast Asian Games,https://www.vlr.gg/event/1509/32nd-southeast-asian-games,completed,"TBD								
									Prize Pool","May 8—10								
									Dates",kh
Windy City Valorant Open,https://www.vlr.gg/event/1619/windy-city-valorant-open,completed,"$10,000								
									Prize Pool","May 5—7								
									Dates",us
CECC Finals,https://www.vlr.gg/event/1593/cecc-finals,completed,"$6,500								
									Prize Pool","May 6—7								
									Dates",us
TGH x Birds of Prey: Episode 5,https://www.vlr.gg/event/1629/tgh-x-birds-of-prey-episode-5,completed,"$1,115								
									Prize Pool","May 7								
									Dates",eu
Circuito Tormenta: TRIFORC3 Final Phase,https://www.vlr.gg/event/1634/circuito-tormenta-triforc3-final-phase,completed,"$750								
									Prize Pool","May 7								
									Dates",es
Valorant Open Tour France 2023: Stage 6,https://www.vlr.gg/event/1640/valorant-open-tour-france-2023-stage-6,completed,"$1,672								
									Prize Pool","May 7								
									Dates",fr
A1 eSports Queens Edition,https://www.vlr.gg/event/1630/a1-esports-queens-edition,completed,"$557								
									Prize Pool","May 6—7								
									Dates",eu
Valorant King Cup,https://www.vlr.gg/event/1628/valorant-king-cup,completed,"$5,017								
									Prize Pool","May 6								
									Dates",nl
Project V: Stage 3 Division 1,https://www.vlr.gg/event/1596/project-v-stage-3-division-1,completed,"$0								
									Prize Pool","Apr 10—May 5								
									Dates",eu
VALORANT East: United: Season 2: Stage 2 - Weekly Cup #4,https://www.vlr.gg/event/1620/valorant-east-united-season-2-stage-2-weekly-cup-4,completed,"$780								
									Prize Pool","May 2—3								
									Dates",eu
Project V: PRO Weekly #13,https://www.vlr.gg/event/1638/project-v-pro-weekly-13,completed,"$0								
									Prize Pool","May 3								
									Dates",eu
Nerd Street VALORANT Lockdown 2 - Open 3,https://www.vlr.gg/event/1618/nerd-street-valorant-lockdown-2-open-3,completed,"$2,000								
									Prize Pool","Apr 30—May 2								
									Dates",us
NECC Valorant Champions Finals - Spring 2023,https://www.vlr.gg/event/1595/necc-valorant-champions-finals-spring-2023,completed,"$0								
									Prize Pool","Apr 17—May 1								
									Dates",us
Sakura Cup: April,https://www.vlr.gg/event/1615/sakura-cup-april,completed,"$2,000								
									Prize Pool","Apr 29—30								
									Dates",us
College VALORANT South: Spring Tournament,https://www.vlr.gg/event/1562/college-valorant-south-spring-tournament,completed,"$10,000								
									Prize Pool","Apr 1—30								
									Dates",us
Project V: Clutch Kings 2023 #1,https://www.vlr.gg/event/1639/project-v-clutch-kings-2023-1,completed,"$5,017								
									Prize Pool","Apr 22—30								
									Dates",eu
Mystic Singularity Series #5,https://www.vlr.gg/event/1612/mystic-singularity-series-5,completed,"$3,000								
									Prize Pool","Apr 28—30								
									Dates",us
College VALORANT East: Spring Tournament,https://www.vlr.gg/event/1565/college-valorant-east-spring-tournament,completed,"$10,000								
									Prize Pool","Apr 1—30								
									Dates",us
College VALORANT North: Spring Tournament,https://www.vlr.gg/event/1556/college-valorant-north-spring-tournament,completed,"$10,000								
									Prize Pool","Apr 1—30								
									Dates",us
Trinity Trials - Spring Trial,https://www.vlr.gg/event/1591/trinity-trials-spring-trial,completed,"$2,199								
									Prize Pool","Apr 15—30								
									Dates",eu
The Goose House Major - BEACON Split 1,https://www.vlr.gg/event/1616/the-goose-house-major-beacon-split-1,completed,"$1,000								
									Prize Pool","Apr 29—30								
									Dates",eu
VCOM SPRING CUP,https://www.vlr.gg/event/1641/vcom-spring-cup,completed,"$2,002								
									Prize Pool","Apr 30								
									Dates",ua
FGC VALORANT Invitational 2023: Act 2 Qualifiers,https://www.vlr.gg/event/1570/fgc-valorant-invitational-2023-act-2-qualifiers,completed,"$0								
									Prize Pool","Apr 4—30								
									Dates",cn
DreamHack Melbourne 2023,https://www.vlr.gg/event/1614/dreamhack-melbourne-2023,completed,"$6,616								
									Prize Pool","Apr 28—30								
									Dates",au
College VALORANT West: Spring Tournament,https://www.vlr.gg/event/1561/college-valorant-west-spring-tournament,completed,"$10,000								
									Prize Pool","Apr 1—30								
									Dates",us
Frenzy Rage Series,https://www.vlr.gg/event/1622/frenzy-rage-series,completed,"$815								
									Prize Pool","Apr 28—29								
									Dates",eg
Golden Goose #9,https://www.vlr.gg/event/1617/golden-goose-9,completed,"$1,113								
									Prize Pool","Apr 29								
									Dates",eu
Amazon Gran Final UNIVERSITY Temporada 8,https://www.vlr.gg/event/1623/amazon-gran-final-university-temporada-8,completed,"$6,629								
									Prize Pool","Apr 15—29								
									Dates",es
NACE Starleague - Spring 2023,https://www.vlr.gg/event/1580/nace-starleague-spring-2023,completed,"$10,000								
									Prize Pool","Apr 12—26								
									Dates",us
Nerd Street VALORANT Lockdown 2 - Open 2,https://www.vlr.gg/event/1602/nerd-street-valorant-lockdown-2-open-2,completed,"$2,000								
									Prize Pool","Apr 24—26								
									Dates",us
Project V: PRO Weekly #12,https://www.vlr.gg/event/1637/project-v-pro-weekly-12,completed,"$0								
									Prize Pool","Apr 26								
									Dates",eu
Return of The Titans - FIRE,https://www.vlr.gg/event/1607/return-of-the-titans-fire,completed,"$774								
									Prize Pool","Apr 25—26								
									Dates",tr
VALORANT East: United: Season 2: Stage 2 - Monthly Cup #1,https://www.vlr.gg/event/1608/valorant-east-united-season-2-stage-2-monthly-cup-1,completed,"$1,000								
									Prize Pool","Apr 24—25								
									Dates",eu
Whiteboard Valorant Cup 2023,https://www.vlr.gg/event/1600/whiteboard-valorant-cup-2023,completed,"$1,450								
									Prize Pool","Apr 20—25								
									Dates",kw
Knights Monthly Gauntlet 2023: April,https://www.vlr.gg/event/1601/knights-monthly-gauntlet-2023-april,completed,"$5,000								
									Prize Pool","Apr 22—23								
									Dates",us
FEL Major - BEACON Split 1,https://www.vlr.gg/event/1605/fel-major-beacon-split-1,completed,"$1,665								
									Prize Pool","Apr 22—23								
									Dates",fi
Valorant Open Tour France 2023: Stage 5,https://www.vlr.gg/event/1613/valorant-open-tour-france-2023-stage-5,completed,"$1,668								
									Prize Pool","Apr 23								
									Dates",fr
Circuito Tormenta: GRANADA GAMING - FACE-TO-FACE FINAL PHASE,https://www.vlr.gg/event/1624/circuito-tormenta-granada-gaming-face-to-face-final-phase,completed,"$2,490								
									Prize Pool","Apr 23								
									Dates",es
Challengers League South Asia: Split 1,https://www.vlr.gg/event/1500/challengers-league-south-asia-split-1,completed,"$40,000								
									Prize Pool","Feb 25—Apr 23								
									Dates",in
Claro Gaming Spike Cup - Apertura,https://www.vlr.gg/event/1587/claro-gaming-spike-cup-apertura,completed,"$1,060								
									Prize Pool","Apr 4—22								
									Dates",pe
Dubai Police Game Safe Tournament,https://www.vlr.gg/event/1606/dubai-police-game-safe-tournament,completed,"$16,400								
									Prize Pool","Apr 22								
									Dates",ae
CCE UCX EU 1K #4,https://www.vlr.gg/event/1651/cce-ucx-eu-1k-4,completed,"$1,000								
									Prize Pool","Apr 21								
									Dates",eu
Nerd Street VALORANT Lockdown 2 - Open 1,https://www.vlr.gg/event/1597/nerd-street-valorant-lockdown-2-open-1,completed,"$2,000								
									Prize Pool","Apr 17—19								
									Dates",us
VALORANT East: United: Season 2: Stage 2 - Weekly Cup #3,https://www.vlr.gg/event/1598/valorant-east-united-season-2-stage-2-weekly-cup-3,completed,"$780								
									Prize Pool","Apr 18—19								
									Dates",eu
Project V: PRO Weekly #11,https://www.vlr.gg/event/1636/project-v-pro-weekly-11,completed,"$0								
									Prize Pool","Apr 19								
									Dates",eu
Rebels #1,https://www.vlr.gg/event/1588/rebels-1,completed,"$1,554								
									Prize Pool","Apr 13—18								
									Dates",tr
LEAGUES.GG Major - BEACON Split 1,https://www.vlr.gg/event/1594/leagues-gg-major-beacon-split-1,completed,"$1,649								
									Prize Pool","Apr 15—16								
									Dates",eu
VALORANT East: eLadies Cup #1,https://www.vlr.gg/event/1592/valorant-east-eladies-cup-1,completed,"$1,649								
									Prize Pool","Apr 16								
									Dates",eu
FGC VALORANT Invitational 2023: Act 1,https://www.vlr.gg/event/1525/fgc-valorant-invitational-2023-act-1,completed,"TBD								
									Prize Pool","Mar 22—Apr 16								
									Dates",cn
Valorant Beltway Battles Spring 2023,https://www.vlr.gg/event/1579/valorant-beltway-battles-spring-2023,completed,"$7,500								
									Prize Pool","Apr 8—15								
									Dates",us
CECC Regionals,https://www.vlr.gg/event/1508/cecc-regionals,completed,"$4,000								
									Prize Pool","Mar 5—Apr 14								
									Dates",us
Game Changers 2023 Series I: North America,https://www.vlr.gg/event/1572/game-changers-2023-series-i-north-america,completed,"$50,000								
									Prize Pool","Apr 4—14								
									Dates",us
Ignition Cup,https://www.vlr.gg/event/1527/ignition-cup,completed,"$5,000								
									Prize Pool","Apr 14								
									Dates",un
A1 Adria League - Season 11,https://www.vlr.gg/event/1589/a1-adria-league-season-11,completed,"$1,100								
									Prize Pool","Apr 13								
									Dates",eu
VALORANT East: United: Season 2: Stage 2 - Weekly Cup #2,https://www.vlr.gg/event/1586/valorant-east-united-season-2-stage-2-weekly-cup-2,completed,"$780								
									Prize Pool","Apr 11—12								
									Dates",eu
Project V: PRO Weekly #10,https://www.vlr.gg/event/1599/project-v-pro-weekly-10,completed,"$0								
									Prize Pool","Apr 12								
									Dates",us
Nativz Collegiate Valorant Spring Series 2023,https://www.vlr.gg/event/1550/nativz-collegiate-valorant-spring-series-2023,completed,"$380								
									Prize Pool","Apr 3—10								
									Dates",ie
Valorant Open Tour France 2023: Stage 4,https://www.vlr.gg/event/1585/valorant-open-tour-france-2023-stage-4,completed,"$8,181								
									Prize Pool","Apr 8—10								
									Dates",fr
Insomnia 70 iSeries Challenge,https://www.vlr.gg/event/1581/insomnia-70-iseries-challenge,completed,"$12,465								
									Prize Pool","Apr 8—9								
									Dates",gb
Esportsmaker Spike Ladies #5,https://www.vlr.gg/event/1576/esportsmaker-spike-ladies-5,completed,"$1,946								
									Prize Pool","Apr 6—9								
									Dates",br
FEL Finnish Minor - BEACON Split 1,https://www.vlr.gg/event/1584/fel-finnish-minor-beacon-split-1,completed,"$0								
									Prize Pool","Apr 9								
									Dates",fi
The Gathering Major - BEACON Split 1,https://www.vlr.gg/event/1578/the-gathering-major-beacon-split-1,completed,"$2,875								
									Prize Pool","Apr 8								
									Dates",no
CECC Last Chance Qualifier,https://www.vlr.gg/event/1567/cecc-last-chance-qualifier,completed,"$0								
									Prize Pool","Apr 5—7								
									Dates",us
Project V: Stage 2 Division 1,https://www.vlr.gg/event/1516/project-v-stage-2-division-1,completed,"$0								
									Prize Pool","Mar 9—Apr 6								
									Dates",eu
VALORANT East: United: Season 2: Stage 2 - Weekly Cup #1,https://www.vlr.gg/event/1573/valorant-east-united-season-2-stage-2-weekly-cup-1,completed,"$780								
									Prize Pool","Apr 4—5								
									Dates",eu
PDS FPS Elite 1,https://www.vlr.gg/event/1571/pds-fps-elite-1,completed,"$5,000								
									Prize Pool","Apr 3—5								
									Dates",un
Project V: PRO Weekly #9,https://www.vlr.gg/event/1582/project-v-pro-weekly-9,completed,"$0								
									Prize Pool","Apr 5								
									Dates",eu
"$5,000 CCE UCX Valorant Pro CUP",https://www.vlr.gg/event/1560/5-000-cce-ucx-valorant-pro-cup,completed,"$5,000								
									Prize Pool","Mar 31—Apr 2								
									Dates",us
Circuito Tormenta: Liga Radiante 23 S1,https://www.vlr.gg/event/1472/circuito-tormenta-liga-radiante-23-s1,completed,"$2,110								
									Prize Pool","Feb 1—Apr 2								
									Dates",es
BeChampions - Season 2: VALORANT Warmup,https://www.vlr.gg/event/1566/bechampions-season-2-valorant-warmup,completed,"$1,012								
									Prize Pool","Apr 1—2								
									Dates",pl
Gamer.no Major - BEACON Split 1,https://www.vlr.gg/event/1558/gamer-no-major-beacon-split-1,completed,"$2,005								
									Prize Pool","Apr 1—2								
									Dates",eu
Golden Goose #8,https://www.vlr.gg/event/1564/golden-goose-8,completed,"$1,087								
									Prize Pool","Apr 1								
									Dates",eu
Circuito Tormenta: Secret Tournament,https://www.vlr.gg/event/1546/circuito-tormenta-secret-tournament,completed,"$2,155								
									Prize Pool","Mar 12—Apr 1								
									Dates",es
Game Gang Show 2023,https://www.vlr.gg/event/1499/game-gang-show-2023,completed,"$3,182								
									Prize Pool","Apr 1								
									Dates",si
Challengers League LATAM North ACE: Split 1,https://www.vlr.gg/event/1394/challengers-league-latam-north-ace-split-1,completed,"TBD								
									Prize Pool","Jan 21—Apr 1								
									Dates",un
Intel Arabian Cup Playground 2023: Season 1,https://www.vlr.gg/event/1524/intel-arabian-cup-playground-2023-season-1,completed,"$10,000								
									Prize Pool","Mar 18—31								
									Dates",un
Challengers League LATAM South FiRe: Split 1,https://www.vlr.gg/event/1395/challengers-league-latam-south-fire-split-1,completed,"TBD								
									Prize Pool","Jan 21—Mar 31								
									Dates",un
Project V: PRO Weekly #8,https://www.vlr.gg/event/1559/project-v-pro-weekly-8,completed,"$0								
									Prize Pool","Mar 29								
									Dates",eu
Game Changers 2023 Brazil: Series 1,https://www.vlr.gg/event/1457/game-changers-2023-brazil-series-1,completed,"$69,411								
									Prize Pool","Jan 23—Mar 28								
									Dates",br
Complexity Paradox Invitational,https://www.vlr.gg/event/1541/complexity-paradox-invitational,completed,"$10,000								
									Prize Pool","Mar 25—26								
									Dates",us
Mystic Singularity Series #4,https://www.vlr.gg/event/1547/mystic-singularity-series-4,completed,"$3,000								
									Prize Pool","Mar 24—26								
									Dates",us
Valorant East: United - Season 2 - Stage 1 - Finals,https://www.vlr.gg/event/1513/valorant-east-united-season-2-stage-1-finals,completed,"$7,500								
									Prize Pool","Mar 23—26								
									Dates",eu
Surfshark Valorant Challenge #2,https://www.vlr.gg/event/1514/surfshark-valorant-challenge-2,completed,"$2,669								
									Prize Pool","Mar 4—26								
									Dates",eu
Valorant Open Tour France 2023: Stage 3,https://www.vlr.gg/event/1548/valorant-open-tour-france-2023-stage-3,completed,"$1,629								
									Prize Pool","Mar 26								
									Dates",fr
Indonesia Esports League Campus Festival,https://www.vlr.gg/event/1542/indonesia-esports-league-campus-festival,completed,"$1,617								
									Prize Pool","Mar 12—26								
									Dates",id
VALORANT Vietnam: Rising Stars 2,https://www.vlr.gg/event/1526/valorant-vietnam-rising-stars-2,completed,"$848								
									Prize Pool","Mar 20—26								
									Dates",vn
Gaming Nation Valorant Thailand Championship Season 2,https://www.vlr.gg/event/1545/gaming-nation-valorant-thailand-championship-season-2,completed,"$2,926								
									Prize Pool","Mar 22—26								
									Dates",th
IGLeague Open Division #1,https://www.vlr.gg/event/1544/igleague-open-division-1,completed,"$3,000								
									Prize Pool","Mar 18—22								
									Dates",us
Return of The Titans - ICE,https://www.vlr.gg/event/1528/return-of-the-titans-ice,completed,"$792								
									Prize Pool","Mar 21—22								
									Dates",tr
Project V: PRO Weekly #7,https://www.vlr.gg/event/1554/project-v-pro-weekly-7,completed,"$0								
									Prize Pool","Mar 22								
									Dates",eu
Valorant University Championship Season 2,https://www.vlr.gg/event/1532/valorant-university-championship-season-2,completed,"$723								
									Prize Pool","Mar 4—21								
									Dates",th
Game Changers 2023 Asia Pacific: Open 1,https://www.vlr.gg/event/1486/game-changers-2023-asia-pacific-open-1,completed,"$10,000								
									Prize Pool","Mar 8—20								
									Dates",un
Knights Monthly Gauntlet 2023: March,https://www.vlr.gg/event/1482/knights-monthly-gauntlet-2023-march,completed,"$5,000								
									Prize Pool","Mar 18—19								
									Dates",us
MissHarvey Invitational #2,https://www.vlr.gg/event/1529/missharvey-invitational-2,completed,"$7,261								
									Prize Pool","Mar 18—19								
									Dates",us
Kabum! Super Stars,https://www.vlr.gg/event/1534/kabum-super-stars,completed,"$2,652								
									Prize Pool","Mar 17—19								
									Dates",br
Esports Scotland Minor - BEACON Split 1,https://www.vlr.gg/event/1537/esports-scotland-minor-beacon-split-1,completed,"$0								
									Prize Pool","Mar 18—19								
									Dates",sx
RÍSÍ Iceland Minor - BEACON Split 1,https://www.vlr.gg/event/1536/r-s-iceland-minor-beacon-split-1,completed,"$0								
									Prize Pool","Mar 18—19								
									Dates",is
Gamer.no Norway Minor - BEACON Split 1,https://www.vlr.gg/event/1540/gamer-no-norway-minor-beacon-split-1,completed,"$0								
									Prize Pool","Mar 18—19								
									Dates",no
UNICEF x 95X Charity Tournament,https://www.vlr.gg/event/1533/unicef-x-95x-charity-tournament,completed,"$1,500								
									Prize Pool","Mar 17—19								
									Dates",au
FGC VALORANT Invitational 2023: Act 1 Qualifiers,https://www.vlr.gg/event/1481/fgc-valorant-invitational-2023-act-1-qualifiers,completed,"$0								
									Prize Pool","Feb 14—Mar 19								
									Dates",cn
Golden Goose #7,https://www.vlr.gg/event/1523/golden-goose-7,completed,"$1,054								
									Prize Pool","Mar 18								
									Dates",eu
LEAGUES.GG Danish Minor - BEACON Split 1,https://www.vlr.gg/event/1539/leagues-gg-danish-minor-beacon-split-1,completed,"$529								
									Prize Pool","Mar 18								
									Dates",dk
LEAGUES.GG Swedish Minor - BEACON Split 1,https://www.vlr.gg/event/1538/leagues-gg-swedish-minor-beacon-split-1,completed,"$529								
									Prize Pool","Mar 18								
									Dates",se
Project V: PRO Weekly #6,https://www.vlr.gg/event/1530/project-v-pro-weekly-6,completed,"$0								
									Prize Pool","Mar 15								
									Dates",eu
SEA Esports Championship 2023,https://www.vlr.gg/event/1521/sea-esports-championship-2023,completed,"$13,000								
									Prize Pool","Mar 13—15								
									Dates",un
Challengers League MENA Resilience: Split 1,https://www.vlr.gg/event/1467/challengers-league-mena-resilience-split-1,completed,"$35,000								
									Prize Pool","Jan 30—Mar 12								
									Dates",un
Challengers League Vietnam: Split 1,https://www.vlr.gg/event/1474/challengers-league-vietnam-split-1,completed,"$26,358								
									Prize Pool","Feb 7—Mar 12								
									Dates",vn
"$1,000 FreshCut Cup",https://www.vlr.gg/event/1517/1-000-freshcut-cup,completed,"$1,000								
									Prize Pool","Mar 11								
									Dates",us
Aorus League Brazil #6,https://www.vlr.gg/event/1504/aorus-league-brazil-6,completed,"$2,500								
									Prize Pool","Mar 1—10								
									Dates",br
Valorant East: United - Season 2 - Stage 1 - Last Chance Qualifier,https://www.vlr.gg/event/1512/valorant-east-united-season-2-stage-1-last-chance-qualifier,completed,"$0								
									Prize Pool","Mar 6—8								
									Dates",eu
Project V: PRO Weekly #5,https://www.vlr.gg/event/1515/project-v-pro-weekly-5,completed,"$0								
									Prize Pool","Mar 8								
									Dates",eu
Project V: Stage 1 Division 1,https://www.vlr.gg/event/1479/project-v-stage-1-division-1,completed,"$0								
									Prize Pool","Feb 9—Mar 6								
									Dates",eu
College VALORANT West: Winter Tournament,https://www.vlr.gg/event/1401/college-valorant-west-winter-tournament,completed,"$10,000								
									Prize Pool","Jan 21—Mar 5								
									Dates",us
College VALORANT East: Winter Tournament,https://www.vlr.gg/event/1400/college-valorant-east-winter-tournament,completed,"$10,000								
									Prize Pool","Jan 21—Mar 5								
									Dates",us
Valorant Open Tour France 2023: Stage 2,https://www.vlr.gg/event/1503/valorant-open-tour-france-2023-stage-2,completed,"$1,591								
									Prize Pool","Mar 5								
									Dates",fr
Champions Tour 2023: LOCK//IN São Paulo,https://www.vlr.gg/event/1188/champions-tour-2023-lock-in-s-o-paulo,completed,"$500,000								
									Prize Pool","Feb 13—Mar 5								
									Dates",br
King's Arena Vol. 2 Gaming Tournament,https://www.vlr.gg/event/1583/kings-arena-vol-2-gaming-tournament,completed,"$1,619								
									Prize Pool","Mar 3								
									Dates",eg
Valorant East: United - Season 2 - Stage 1 - Monthly Cup #2,https://www.vlr.gg/event/1502/valorant-east-united-season-2-stage-1-monthly-cup-2,completed,"$1,000								
									Prize Pool","Feb 28—Mar 1								
									Dates",eu
Project V: PRO Weekly #4,https://www.vlr.gg/event/1511/project-v-pro-weekly-4,completed,"$0								
									Prize Pool","Mar 1								
									Dates",eu
HyperX Arena: Spike Drop Operation V.E.G.A.S,https://www.vlr.gg/event/1493/hyperx-arena-spike-drop-operation-v-e-g-a-s,completed,"$10,000								
									Prize Pool","Feb 24—27								
									Dates",us
HER Galaxy $10K Valorant Open,https://www.vlr.gg/event/1495/her-galaxy-10k-valorant-open,completed,"$10,000								
									Prize Pool","Feb 25—26								
									Dates",us
Trinity Trials - Winter Trial,https://www.vlr.gg/event/1471/trinity-trials-winter-trial,completed,"$2,183								
									Prize Pool","Feb 11—26								
									Dates",eu
Circuito Tormenta: TRIFORC3,https://www.vlr.gg/event/1501/circuito-tormenta-triforc3,completed,"$0								
									Prize Pool","Feb 26								
									Dates",es
EPIC.LAN #38 - BEACON Split 1,https://www.vlr.gg/event/1496/epic-lan-38-beacon-split-1,completed,"$3,312								
									Prize Pool","Feb 24—26								
									Dates",gb
Project V: PRO Weekly #3,https://www.vlr.gg/event/1510/project-v-pro-weekly-3,completed,"$0								
									Prize Pool","Feb 22								
									Dates",eu
Valorant East: United - Season 2 - Stage 1 - Weekly Cup #6,https://www.vlr.gg/event/1490/valorant-east-united-season-2-stage-1-weekly-cup-6,completed,"$780								
									Prize Pool","Feb 21—22								
									Dates",eu
Mystic Singularity Series #3,https://www.vlr.gg/event/1484/mystic-singularity-series-3,completed,"$3,000								
									Prize Pool","Feb 17—19								
									Dates",us
"$3,000 FreshCut Community Series",https://www.vlr.gg/event/1491/3-000-freshcut-community-series,completed,"$3,000								
									Prize Pool","Feb 18—19								
									Dates",us
Balkan Unite,https://www.vlr.gg/event/1485/balkan-unite,completed,"$267								
									Prize Pool","Feb 18—19								
									Dates",eu
Insomnia Gaming Festival 2023,https://www.vlr.gg/event/1477/insomnia-gaming-festival-2023,completed,"$8,235								
									Prize Pool","Jan 23—Feb 18								
									Dates",eg
Knights Monthly Gauntlet 2023: February,https://www.vlr.gg/event/1465/knights-monthly-gauntlet-2023-february,completed,"$5,000								
									Prize Pool","Feb 11—12								
									Dates",us
Valorant Open Tour France 2023: Stage 1,https://www.vlr.gg/event/1475/valorant-open-tour-france-2023-stage-1,completed,"$1,607								
									Prize Pool","Feb 12								
									Dates",fr
Valorant East: United - Season 2 - Stage 1 - Weekly Cup #5,https://www.vlr.gg/event/1476/valorant-east-united-season-2-stage-1-weekly-cup-5,completed,"$780								
									Prize Pool","Feb 7—8								
									Dates",eu
Project V: PRO Weekly #1,https://www.vlr.gg/event/1480/project-v-pro-weekly-1,completed,"$0								
									Prize Pool","Feb 8								
									Dates",eu
Game Changers 2023 LATAM: Qualifiers,https://www.vlr.gg/event/1461/game-changers-2023-latam-qualifiers,completed,"$0								
									Prize Pool","Jan 23—Feb 5								
									Dates",un
Valorant East: United - Season 2 - Stage 1 - Weekly Cup #4,https://www.vlr.gg/event/1469/valorant-east-united-season-2-stage-1-weekly-cup-4,completed,"$780								
									Prize Pool","Jan 31—Feb 1								
									Dates",eu
Knights Monthly Gauntlet 2023: January,https://www.vlr.gg/event/1462/knights-monthly-gauntlet-2023-january,completed,"$5,000								
									Prize Pool","Jan 28—29								
									Dates",us
aSmoogl Community Cup,https://www.vlr.gg/event/1468/asmoogl-community-cup,completed,"$1,638								
									Prize Pool","Jan 29								
									Dates",eu
Golden Goose #6,https://www.vlr.gg/event/1470/golden-goose-6,completed,"$1,092								
									Prize Pool","Jan 28								
									Dates",eu
Valorant East: United - Season 2 - Stage 1 - Monthly Cup #1,https://www.vlr.gg/event/1466/valorant-east-united-season-2-stage-1-monthly-cup-1,completed,"$1,000								
									Prize Pool","Jan 26—27								
									Dates",eu
Project V: XMG Offseason Clash,https://www.vlr.gg/event/1403/project-v-xmg-offseason-clash,completed,"TBD								
									Prize Pool","Jan 25								
									Dates",eu
